{"lr": 0.0005855377688844426, "data_time": 0.009313845634460449, "loss": 0.4252898097038269, "decode.loss_ce": 0.4252898097038269, "decode.acc_seg": 69.65191650390625, "time": 0.2728907108306885, "epoch": 1, "iter": 50, "memory": 3659, "step": 50}
{"lr": 0.0005707803901950975, "data_time": 0.008991694450378418, "loss": 0.45410112738609315, "decode.loss_ce": 0.45410112738609315, "decode.acc_seg": 62.41420364379883, "time": 0.27575411796569826, "epoch": 1, "iter": 100, "memory": 3660, "step": 100}
{"lr": 0.0005560230115057523, "data_time": 0.010402655601501465, "loss": 0.4666130393743515, "decode.loss_ce": 0.4666130393743515, "decode.acc_seg": 69.57085418701172, "time": 0.27741830348968505, "epoch": 1, "iter": 150, "memory": 3659, "step": 150}
{"lr": 0.0005412656328164073, "data_time": 0.009188079833984375, "loss": 0.4485204190015793, "decode.loss_ce": 0.4485204190015793, "decode.acc_seg": 76.49689483642578, "time": 0.279891037940979, "epoch": 1, "iter": 200, "memory": 3659, "step": 200}
{"aAcc": 70.73, "mIoU": 54.7, "mAcc": 73.9, "data_time": 0.001857673041068814, "time": 0.020867193987308238, "step": 0}
{"lr": 0.0005265082541270625, "data_time": 0.00940377712249756, "loss": 0.4417209029197693, "decode.loss_ce": 0.4417209029197693, "decode.acc_seg": 76.34065246582031, "time": 0.28249211311340333, "epoch": 1, "iter": 250, "memory": 3659, "step": 250}
{"lr": 0.0005117508754377176, "data_time": 0.009040379524230957, "loss": 0.40784775018692015, "decode.loss_ce": 0.40784775018692015, "decode.acc_seg": 62.25146484375, "time": 0.2838412284851074, "epoch": 1, "iter": 300, "memory": 3659, "step": 300}
{"lr": 0.0004969934967483723, "data_time": 0.013600468635559082, "loss": 0.3728284865617752, "decode.loss_ce": 0.3728284865617752, "decode.acc_seg": 69.64154052734375, "time": 0.2934121131896973, "epoch": 1, "iter": 350, "memory": 3659, "step": 350}
{"lr": 0.0004822361180590263, "data_time": 0.01618812084197998, "loss": 0.38316466808319094, "decode.loss_ce": 0.38316466808319094, "decode.acc_seg": 73.97271728515625, "time": 0.30017566680908203, "epoch": 1, "iter": 400, "memory": 3659, "step": 400}
{"aAcc": 74.16, "mIoU": 58.92, "mAcc": 77.1, "data_time": 0.0019012343810973255, "time": 0.019238888854670958, "step": 0}
{"lr": 0.00046747873936968165, "data_time": 0.009409308433532715, "loss": 0.35286388695240023, "decode.loss_ce": 0.35286388695240023, "decode.acc_seg": 75.35906219482422, "time": 0.28917956352233887, "epoch": 1, "iter": 450, "memory": 3659, "step": 450}
{"lr": 0.0004527213606803372, "data_time": 0.00892183780670166, "loss": 0.3598752498626709, "decode.loss_ce": 0.3598752498626709, "decode.acc_seg": 79.75193786621094, "time": 0.2895581007003784, "epoch": 1, "iter": 500, "memory": 3658, "step": 500}
{"lr": 0.00043796398199099273, "data_time": 0.009500551223754882, "loss": 0.3453852355480194, "decode.loss_ce": 0.3453852355480194, "decode.acc_seg": 83.53730010986328, "time": 0.2913016080856323, "epoch": 1, "iter": 550, "memory": 3658, "step": 550}
{"lr": 0.0004232066033016484, "data_time": 0.009343147277832031, "loss": 0.326687952876091, "decode.loss_ce": 0.326687952876091, "decode.acc_seg": 74.6270751953125, "time": 0.28809001445770266, "epoch": 1, "iter": 600, "memory": 3658, "step": 600}
{"aAcc": 82.88, "mIoU": 70.37, "mAcc": 83.26, "data_time": 0.0017742967186464176, "time": 0.01817461314275508, "step": 0}
{"lr": 0.00040844922461230404, "data_time": 0.009067916870117187, "loss": 0.32464499622583387, "decode.loss_ce": 0.32464499622583387, "decode.acc_seg": 84.61671447753906, "time": 0.286136269569397, "epoch": 1, "iter": 650, "memory": 3660, "step": 650}
{"lr": 0.0003936918459229597, "data_time": 0.00984187126159668, "loss": 0.2866808742284775, "decode.loss_ce": 0.2866808742284775, "decode.acc_seg": 85.86878967285156, "time": 0.28997063636779785, "epoch": 1, "iter": 700, "memory": 3658, "step": 700}
{"lr": 0.0003789344672336154, "data_time": 0.009923481941223144, "loss": 0.34533383548259733, "decode.loss_ce": 0.34533383548259733, "decode.acc_seg": 87.22221374511719, "time": 0.29005866050720214, "epoch": 1, "iter": 750, "memory": 3659, "step": 750}
{"lr": 0.00036417708854427107, "data_time": 0.009408950805664062, "loss": 0.2732666105031967, "decode.loss_ce": 0.2732666105031967, "decode.acc_seg": 84.8973159790039, "time": 0.2881949424743652, "epoch": 1, "iter": 800, "memory": 3658, "step": 800}
{"aAcc": 83.85, "mIoU": 71.99, "mAcc": 85.01, "data_time": 0.0018257825579330517, "time": 0.01845536141721198, "step": 0}
{"lr": 0.00034941970985492675, "data_time": 0.009424114227294922, "loss": 0.30474156737327573, "decode.loss_ce": 0.30474156737327573, "decode.acc_seg": 84.84235382080078, "time": 0.28770592212677004, "epoch": 1, "iter": 850, "memory": 3660, "step": 850}
{"lr": 0.0003346623311655824, "data_time": 0.009274840354919434, "loss": 0.28722579777240753, "decode.loss_ce": 0.28722579777240753, "decode.acc_seg": 87.70630645751953, "time": 0.2893624544143677, "epoch": 1, "iter": 900, "memory": 3660, "step": 900}
{"lr": 0.0003199049524762381, "data_time": 0.009455084800720215, "loss": 0.31044719368219376, "decode.loss_ce": 0.31044719368219376, "decode.acc_seg": 80.50499725341797, "time": 0.28939971923828123, "epoch": 1, "iter": 950, "memory": 3659, "step": 950}
{"lr": 0.0003051475737868938, "data_time": 0.009587883949279785, "loss": 0.2876549497246742, "decode.loss_ce": 0.2876549497246742, "decode.acc_seg": 80.3377685546875, "time": 0.2920813798904419, "epoch": 1, "iter": 1000, "memory": 3659, "step": 1000}
{"aAcc": 85.19, "mIoU": 73.95, "mAcc": 86.1, "data_time": 0.001790782420356343, "time": 0.018208542734162884, "step": 0}
{"lr": 0.00029039019509754946, "data_time": 0.009541654586791992, "loss": 0.2628523662686348, "decode.loss_ce": 0.2628523662686348, "decode.acc_seg": 88.0245590209961, "time": 0.28970215320587156, "epoch": 1, "iter": 1050, "memory": 3658, "step": 1050}
{"lr": 0.00027563281640820514, "data_time": 0.009639167785644531, "loss": 0.29063661098480226, "decode.loss_ce": 0.29063661098480226, "decode.acc_seg": 67.42825317382812, "time": 0.29135429859161377, "epoch": 1, "iter": 1100, "memory": 3660, "step": 1100}
{"lr": 0.0002608754377188608, "data_time": 0.009726667404174804, "loss": 0.24579015821218492, "decode.loss_ce": 0.24579015821218492, "decode.acc_seg": 90.47598266601562, "time": 0.29167561531066893, "epoch": 1, "iter": 1150, "memory": 3659, "step": 1150}
{"lr": 0.0002461180590295165, "data_time": 0.009924221038818359, "loss": 0.2405892938375473, "decode.loss_ce": 0.2405892938375473, "decode.acc_seg": 79.06745147705078, "time": 0.29272463321685793, "epoch": 1, "iter": 1200, "memory": 3659, "step": 1200}
{"aAcc": 85.6, "mIoU": 74.62, "mAcc": 86.76, "data_time": 0.0017861247949297158, "time": 0.01819007665906265, "step": 0}
{"lr": 0.00023136068034017166, "data_time": 0.010189342498779296, "loss": 0.26321724355220794, "decode.loss_ce": 0.26321724355220794, "decode.acc_seg": 88.20606231689453, "time": 0.2914632797241211, "epoch": 1, "iter": 1250, "memory": 3659, "step": 1250}
{"lr": 0.000216603301650827, "data_time": 0.010045194625854492, "loss": 0.23711614459753036, "decode.loss_ce": 0.23711614459753036, "decode.acc_seg": 86.29705810546875, "time": 0.2909997463226318, "epoch": 1, "iter": 1300, "memory": 3660, "step": 1300}
{"lr": 0.00020184592296148226, "data_time": 0.0096466064453125, "loss": 0.24485529214143753, "decode.loss_ce": 0.24485529214143753, "decode.acc_seg": 91.68607330322266, "time": 0.29292945861816405, "epoch": 1, "iter": 1350, "memory": 3659, "step": 1350}
{"lr": 0.00018708854427213764, "data_time": 0.009820175170898438, "loss": 0.2546229034662247, "decode.loss_ce": 0.2546229034662247, "decode.acc_seg": 93.91429901123047, "time": 0.2939904689788818, "epoch": 1, "iter": 1400, "memory": 3659, "step": 1400}
{"aAcc": 86.12, "mIoU": 75.44, "mAcc": 87.31, "data_time": 0.0018200376212717795, "time": 0.018384757760894547, "step": 0}
{"lr": 0.00017233116558279293, "data_time": 0.00987105369567871, "loss": 0.20481956005096436,